Loại xe,mean,std
Tay côn/Moto,509589.0747,6034334.856
Tay ga,28463.29381,5525606.328
Xe số,-87356.70983,5504190.54
